{
  "overall": {
    "accuracy": 0.9176161262050833,
    "balanced_accuracy": 0.9283942868861641,
    "f1_macro": 0.9079090061075418,
    "f1_weighted": 0.91762643414715,
    "cohen_kappa": 0.8979617853785881,
    "mcc": 0.8987357746637624,
    "n_test": 1141
  },
  "per_class": {
    "Bacterial Blight": {
      "precision": 0.9820627802690582,
      "recall": 0.8455598455598455,
      "f1": 0.9087136929460581,
      "support": 259,
      "roc_auc": 0.9880645952074523,
      "avg_precision": 0.9742445177150778
    },
    "Brown Spot": {
      "precision": 0.8809523809523809,
      "recall": 0.9024390243902439,
      "f1": 0.891566265060241,
      "support": 205,
      "roc_auc": 0.9867365019804044,
      "avg_precision": 0.9582297448222822
    },
    "Healthy": {
      "precision": 0.9290780141843972,
      "recall": 0.9961977186311787,
      "f1": 0.9614678899082569,
      "support": 263,
      "roc_auc": 0.9983023982954693,
      "avg_precision": 0.9936875314821269
    },
    "Leaf Blast": {
      "precision": 0.8350515463917526,
      "recall": 0.8617021276595744,
      "f1": 0.8481675392670157,
      "support": 188,
      "roc_auc": 0.9852983858364404,
      "avg_precision": 0.9286673540669731
    },
    "Leaf Smut": {
      "precision": 0.7631578947368421,
      "recall": 1.0,
      "f1": 0.8656716417910447,
      "support": 29,
      "roc_auc": 0.9995968742247582,
      "avg_precision": 0.9852347016227548
    },
    "Tungro": {
      "precision": 0.979381443298969,
      "recall": 0.9644670050761421,
      "f1": 0.9718670076726342,
      "support": 197,
      "roc_auc": 0.9986556826980986,
      "avg_precision": 0.99548465577797
    }
  },
  "environment": {
    "overall": {
      "lab_acc": 0.9393939393939394,
      "field_acc": 0.8939670932358318,
      "lab_f1": 0.9092841512867729,
      "field_f1": 0.8795793429125025,
      "lab_n": 594,
      "field_n": 547
    },
    "per_class_acc": {
      "Lab": {
        "Bacterial Blight": 0.9441340782122905,
        "Brown Spot": 0.9117647058823529,
        "Healthy": 0.9955156950672646,
        "Leaf Blast": 0.631578947368421,
        "Leaf Smut": 1.0,
        "Tungro": 0.9324324324324325
      },
      "Field": {
        "Bacterial Blight": 0.625,
        "Brown Spot": 0.8978102189781022,
        "Healthy": 1.0,
        "Leaf Blast": 0.92,
        "Leaf Smut": 1.0,
        "Tungro": 0.983739837398374
      }
    },
    "per_class_f1": {
      "Lab": {
        "Bacterial Blight": 0.9629629629629629,
        "Brown Spot": 0.8794326241134752,
        "Healthy": 0.9631236442516269,
        "Leaf Blast": 0.7384615384615385,
        "Leaf Smut": 0.96,
        "Tungro": 0.9517241379310345
      },
      "Field": {
        "Bacterial Blight": 0.7633587786259542,
        "Brown Spot": 0.8978102189781022,
        "Healthy": 0.9523809523809523,
        "Leaf Blast": 0.8706624605678234,
        "Leaf Smut": 0.8095238095238095,
        "Tungro": 0.983739837398374
      }
    }
  }
}